	model	construction	acc	diff	expected	unexpected	macrodiff
0	bert-base-multilingual-cased	Across object rel. clause	0.8766071428571428	-0.4861918723421559	6.045692210630169	6.531884082972326	-0.48619187234215655
1	bert-base-multilingual-cased	Across prepositional phrase	0.9053968253968254	-0.6395696579203785	7.282823499735307	7.922393157655685	-0.6395696579203785
2	bert-base-multilingual-cased	Across subject rel. clause	0.8413392857142857	-0.36872870081972037	5.742053124460713	6.110781825280434	-0.3687287008197204
3	bert-base-multilingual-cased	Simple	0.9571428571428572	-1.5977674519824279	8.607245498278829	10.205012950261256	-1.5977674519824276
4	bert-base-multilingual-cased	VP Coordination (long)	0.96	-0.6380846092957839	4.471762602436099	5.109847211731882	-0.6380846092957828
5	bert-base-multilingual-cased	VP Coordination (short)	0.9061224489795918	-0.9666442248916927	5.476532176360187	6.443176401251879	-0.9666442248916924
6	bert-base-multilingual-cased	Within object rel. clause	0.7425892857142857	-0.3660780804115201	6.045692210630169	6.41177029104169	-0.3660780804115209
