	model	construction	acc	diff	expected	unexpected	macrodiff
0	bert-base-multilingual-cased	Across object rel. clause	0.5630357142857143	-0.044127910351374776	7.958516358531723	8.002644268883097	-0.04412791035137431
1	bert-base-multilingual-cased	Across prepositional phrase	0.5651785714285714	-0.06907540039026053	7.27717056120425	7.346245961594511	-0.06907540039026117
2	bert-base-multilingual-cased	Across subject rel. clause	0.666875	-0.12489701346554066	6.5872134267477795	6.71211044021332	-0.1248970134655405
3	bert-base-multilingual-cased	Simple	0.7714285714285715	-0.48467842245267495	8.26174266906603	8.746421091518705	-0.4846784224526761
4	bert-base-multilingual-cased	VP Coordination (long)	0.82	-0.298163853983693	6.1449715807596075	6.443135434743301	-0.29816385398369327
5	bert-base-multilingual-cased	VP coordination (short)	0.8928571428571429	-0.7469003591552174	7.381617946727898	8.128518305883116	-0.7469003591552177
6	bert-base-multilingual-cased	Within object rel. clause	0.6251785714285715	-0.12696933594646648	7.958516358531723	8.085485694478189	-0.1269693359464661
