	model	construction	acc	diff	expected	unexpected	macrodiff
0	bert-base-multilingual-cased	Across object rel. clause	0.711875	-0.3655418754840087	7.1667607030477365	7.532302578531746	-0.3655418754840092
1	bert-base-multilingual-cased	Across prepositional phrase	0.6546428571428572	-0.4062636685858191	7.995271864294944	8.401535532880763	-0.40626366858581875
2	bert-base-multilingual-cased	Across subject rel. clause	0.5644642857142858	-0.16711449270406284	6.6208719777375755	6.787986470441639	-0.1671144927040631
3	bert-base-multilingual-cased	Simple	0.7892857142857143	-1.1645233309897787	8.107326552437213	9.271849883426993	-1.1645233309897804
4	bert-base-multilingual-cased	VP Coordination (long)	0.952	-0.6779145250932065	3.1723065194678393	3.850221044561046	-0.6779145250932066
5	bert-base-multilingual-cased	VP coordination (short)	0.8520408163265306	-0.9313879710133944	5.434844360579262	6.366232331592656	-0.9313879710133941
6	bert-base-multilingual-cased	Within object rel. clause	0.81375	-0.5877106013475274	7.1667607030477365	7.754471304395264	-0.5877106013475277
