	model	construction	acc	diff	expected	unexpected	macrodiff
0	bert-base-multilingual-cased	Across object rel. clause	0.8141071428571428	-0.43174715126989505	7.38273470667087	7.814481857940766	-0.4317471512698958
1	bert-base-multilingual-cased	Across prepositional phrase	0.8100340136054421	-0.6651103488063803	9.665699073276107	10.330809422082488	-0.6651103488063814
2	bert-base-multilingual-cased	Across subject rel. clause	0.7481150793650794	-0.28575374218214505	5.708921494171575	5.994675236353721	-0.28575374218214566
3	bert-base-multilingual-cased	Simple	0.8142857142857143	-1.3297639776908214	12.905571070054014	14.235335047744835	-1.3297639776908206
4	bert-base-multilingual-cased	VP Coordination (long)	0.942	-0.6414937597035546	3.573174724509019	4.214668484212574	-0.6414937597035548
5	bert-base-multilingual-cased	VP coordination (short)	0.8397959183673469	-1.084734880715691	8.397522005019052	9.482256885734744	-1.0847348807156916
6	bert-base-multilingual-cased	Within object rel. clause	0.8461607142857143	-0.670738539497688	7.38273470667087	8.053473246168558	-0.6707385394976875
